Arts, Architecture,
Arts,Art therapy,
Arts,Careers,
Arts,Computers in art,
Arts,Dance,
Arts,Drama/dramatics,
Arts,Film,
Arts,History,
Arts,Informal education,
Arts,Instructional issues,
Arts,Music,
Arts,Photography,
Arts,Popular culture,
Arts,Process skills,
Arts,Technology,
Arts,Theater arts,
Arts,Visual arts,
Educational technology, Audio-visual equipment,
Educational technology,Careers,
Educational technology,Educational media,
Educational technology,History,
Educational technology,Informal education,
Educational technology,Instructional issues,
Educational technology,Integrating technology into the classroom,
Educational technology,Language laboratories,
Educational technology,Multimedia education,
Educational technology,Process skills,
Educational technology,Staff inservice,
Educational technology,Technology,
Educational technology,Technology planning,
Foreign languages, Alphabet,
Foreign languages,Bilingualism,
Foreign languages,Careers,
Foreign languages,Cultural awareness,
Foreign languages,Grammar,
Foreign languages,History,
Foreign languages,Informal education,
Foreign languages,Instructional issues,
Foreign languages,Linguistics,
Foreign languages,Listening comprehension,
Foreign languages,Process skills,
Foreign languages,Reading,
Foreign languages,Speaking,
Foreign languages,Spelling,
Foreign languages,Technology,
Foreign languages,Vocabulary Writing,
Health,Aging,
Health,Body systems and senses,
Health,Careers,
Health,Chronic conditions,
Health,Consumer health,
Health,Death and dying,
Health,Disease,
Health,Environmental health,
Health,Family life,
Health,History,
Health,Human sexuality,
Health,Informal education,
Health,Instructional issues,
Health,Mental/emotional health,
Health,Nutrition,
Health,Process skills,
Health,Safety,
Health,Smoking,
Health,Substance abuse prevention,
Health,Technology,
Language Arts,Alphabet,
Language Arts,Careers,
Language Arts,Debate,
Language Arts,Grammar,
Language Arts,Handwriting,
Language Arts,History,
Language Arts,Informal education,
Language Arts,Instructional issues,
Language Arts,Journalism,
Language Arts,Listening comprehension,
Language Arts,Literature,
Language Arts,Mechanics,
Language Arts,Phonics,
Language Arts,Process skills,
Language Arts,Reading,
Language Arts,Reading aloud,
Language Arts,Speech,
Language Arts,Spelling,
Language Arts,Story telling,
Language Arts,Technology,
Language Arts,Vocabulary,
Language Arts,Whole language,
Language Arts,Writing composition,
Mathematics,Algebra,
Mathematics,Applied mathematics,
Mathematics,Arithmetic,
Mathematics,Calculus,
Mathematics,Careers,
Mathematics,Discrete mathematics,
Mathematics,Functions,
Mathematics,Geometry,
Mathematics,History,
Mathematics,Informal education,
Mathematics,Instructional issues,
Mathematics,Measurement,
Mathematics,Number sense,
Mathematics,Number theory,
Mathematics,Patterns,
Mathematics,Probability,
Mathematics,Process skills,
Mathematics,Statistics,
Mathematics,Technology,
Mathematics,Trigonometry,
Philosophy,Aesthetics,
Philosophy,Careers,
Philosophy,Educational Philosophy,
Philosophy,Epistemology,
Philosophy,Ethics,
Philosophy,Existentialism,
Philosophy,Hermeneutics,
Philosophy,History,
Philosophy,Informal education,
Philosophy,Instructional issues,
Philosophy,Logic,
Philosophy,Marxism,
Philosophy,Phenomenology,
Philosophy,Platonism,
Philosophy,Process skills,
Philosophy,Semiotics,
Philosophy,Technology,
Physical Education,Adventure and risk challenge activities,
Physical Education,Aquatics,
Physical Education,Careers,
Physical Education,Games,
Physical Education,Gymnastics,
Physical Education,History,
Physical Education,Individual sports,
Physical Education,Informal education,
Physical Education,Instructional issues,
Physical Education,Motor/movement skills,
Physical Education,Outdoor education,
Physical Education,Process skills,
Physical Education,Rhythms and dance,
Physical Education,Skill-related fitness,
Physical Education,Team sports,
Physical Education,Technology,
Religion,Buddhism,
Religion,Careers,
Religion,Christianity,
Religion,Confucianism,
Religion,History,
Religion,Informal education,
Religion,Instructional issues,
Religion,Islam,
Religion,Judaism,
Religion,Process skills,
Religion,Taoism,
Religion,Technology,
Science,Agriculture,
Science,Astronomy,
Science,Biological and life sciences,
Science,Biology,
Science,Botany,
Science,Careers,
Science,Chemistry,
Science,Earth science,
Science,Ecology,
Science,Embryology,
Science,Engineering,
Science,Entomology,
Science,General science,
Science,Geology,
Science,Histology,
Science,History,
Science,Informal education,
Science,Instructional issues,
Science,Metallurgy,
Science,Meteorology,
Science,Natural history,
Science,Oceanography,
Science,Paleontology,
Science,Pharmacology,
Science,Physical sciences,
Science,Physics,
Science,Process skills,
Science,Space sciences,
Science,Technology,
Social studies,Anthropology,
Social studies,Careers,
Social studies,Civics,
Social studies,Comparative political systems,
Social studies,Criminology,
Social studies,Current events/issues,
Social studies,Economics,
Social studies,Geography,
Social studies,Gerontology,
Social studies,History,
Social studies,Human behavior,
Social studies,Human relations,
Social studies,Informal education,
Social studies,Instructional issues,
Social studies,Process skills,
Social studies,Psychology,
Social studies,Social work,
Social studies,Sociology,
Social studies,State history,
Social studies,Technology,
Social studies,Technology and civilization,
Social studies,United States Constitution,
Social studies,United States government,
Social studies,United States history,
Social studies,Urban studies,
Social studies,World history,
Vocational education,Agriculture,
Vocational education,Allied health occupations,
Vocational education,Business,
Vocational education,Careers,
Vocational education,Cooperative education,
Vocational education,Distributive,
Vocational education,History,
Vocational education,Informal education,
Vocational education,Instructional issues,
Vocational education,Occupational home economics,
Vocational education,Process skills,
Vocational education,School-to-work,
Vocational education,Tech prep,
Vocational education,Technical,
Vocational education,Technology,
Vocational education,Trade and industrial,
